filename,status,image
001.txt,default,https://gallica.bnf.fr/iiif/ark:/12148/btv1b10510449j/f1/full/full/0/default.jpg
002.txt,default,https://gallica.bnf.fr/iiif/ark:/12148/btv1b10510449j/f2/full/full/0/default.jpg
003.txt,default,https://gallica.bnf.fr/iiif/ark:/12148/btv1b10510449j/f3/full/full/0/default.jpg
004.txt,default,https://gallica.bnf.fr/iiif/ark:/12148/btv1b10510449j/f4/full/full/0/default.jpg
005.txt,default,https://gallica.bnf.fr/iiif/ark:/12148/btv1b10510449j/f5/full/full/0/default.jpg
006.txt,default,https://gallica.bnf.fr/iiif/ark:/12148/btv1b10510449j/f6/full/full/0/default.jpg
007.txt,default,https://gallica.bnf.fr/iiif/ark:/12148/btv1b10510449j/f7/full/full/0/default.jpg
008.txt,default,https://gallica.bnf.fr/iiif/ark:/12148/btv1b10510449j/f8/full/full/0/default.jpg
009.txt,default,https://gallica.bnf.fr/iiif/ark:/12148/btv1b10510449j/f9/full/full/0/default.jpg
010.txt,default,https://gallica.bnf.fr/iiif/ark:/12148/btv1b10510449j/f10/full/full/0/default.jpg
011.txt,default,https://gallica.bnf.fr/iiif/ark:/12148/btv1b10510449j/f11/full/full/0/default.jpg
012.txt,default,https://gallica.bnf.fr/iiif/ark:/12148/btv1b10510449j/f12/full/full/0/default.jpg
013.txt,default,https://gallica.bnf.fr/iiif/ark:/12148/btv1b10510449j/f13/full/full/0/default.jpg
014.txt,default,https://gallica.bnf.fr/iiif/ark:/12148/btv1b10510449j/f14/full/full/0/default.jpg
015.txt,default,https://gallica.bnf.fr/iiif/ark:/12148/btv1b10510449j/f15/full/full/0/default.jpg
016.txt,initiated,https://gallica.bnf.fr/iiif/ark:/12148/btv1b10510449j/f16/full/full/0/default.jpg
017.txt,initiated,https://gallica.bnf.fr/iiif/ark:/12148/btv1b10510449j/f17/full/full/0/default.jpg
018.txt,initiated,https://gallica.bnf.fr/iiif/ark:/12148/btv1b10510449j/f18/full/full/0/default.jpg
019.txt,initiated,https://gallica.bnf.fr/iiif/ark:/12148/btv1b10510449j/f19/full/full/0/default.jpg
020.txt,initiated,https://gallica.bnf.fr/iiif/ark:/12148/btv1b10510449j/f20/full/full/0/default.jpg
021.txt,initiated,https://gallica.bnf.fr/iiif/ark:/12148/btv1b10510449j/f21/full/full/0/default.jpg
022.txt,initiated,https://gallica.bnf.fr/iiif/ark:/12148/btv1b10510449j/f22/full/full/0/default.jpg
023.txt,initiated,https://gallica.bnf.fr/iiif/ark:/12148/btv1b10510449j/f23/full/full/0/default.jpg
024.txt,initiated,https://gallica.bnf.fr/iiif/ark:/12148/btv1b10510449j/f24/full/full/0/default.jpg
025.txt,completed,https://gallica.bnf.fr/iiif/ark:/12148/btv1b10510449j/f25/full/full/0/default.jpg
026.txt,initiated,https://gallica.bnf.fr/iiif/ark:/12148/btv1b10510449j/f26/full/full/0/default.jpg
027.txt,initiated,https://gallica.bnf.fr/iiif/ark:/12148/btv1b10510449j/f27/full/full/0/default.jpg
028.txt,completed,https://gallica.bnf.fr/iiif/ark:/12148/btv1b10510449j/f28/full/full/0/default.jpg
029.txt,initiated,https://gallica.bnf.fr/iiif/ark:/12148/btv1b10510449j/f29/full/full/0/default.jpg
030.txt,initiated,https://gallica.bnf.fr/iiif/ark:/12148/btv1b10510449j/f30/full/full/0/default.jpg
031.txt,completed,https://gallica.bnf.fr/iiif/ark:/12148/btv1b10510449j/f31/full/full/0/default.jpg
032.txt,initiated,https://gallica.bnf.fr/iiif/ark:/12148/btv1b10510449j/f32/full/full/0/default.jpg
033.txt,initiated,https://gallica.bnf.fr/iiif/ark:/12148/btv1b10510449j/f33/full/full/0/default.jpg
034.txt,initiated,https://gallica.bnf.fr/iiif/ark:/12148/btv1b10510449j/f34/full/full/0/default.jpg
035.txt,default,https://gallica.bnf.fr/iiif/ark:/12148/btv1b10510449j/f35/full/full/0/default.jpg
036.txt,default,https://gallica.bnf.fr/iiif/ark:/12148/btv1b10510449j/f36/full/full/0/default.jpg
037.txt,default,https://gallica.bnf.fr/iiif/ark:/12148/btv1b10510449j/f37/full/full/0/default.jpg
038.txt,default,https://gallica.bnf.fr/iiif/ark:/12148/btv1b10510449j/f38/full/full/0/default.jpg
039.txt,default,https://gallica.bnf.fr/iiif/ark:/12148/btv1b10510449j/f39/full/full/0/default.jpg
040.txt,default,https://gallica.bnf.fr/iiif/ark:/12148/btv1b10510449j/f40/full/full/0/default.jpg
041.txt,default,https://gallica.bnf.fr/iiif/ark:/12148/btv1b10510449j/f41/full/full/0/default.jpg
042.txt,default,https://gallica.bnf.fr/iiif/ark:/12148/btv1b10510449j/f42/full/full/0/default.jpg
043.txt,default,https://gallica.bnf.fr/iiif/ark:/12148/btv1b10510449j/f43/full/full/0/default.jpg
044.txt,default,https://gallica.bnf.fr/iiif/ark:/12148/btv1b10510449j/f44/full/full/0/default.jpg
045.txt,default,https://gallica.bnf.fr/iiif/ark:/12148/btv1b10510449j/f45/full/full/0/default.jpg
046.txt,default,https://gallica.bnf.fr/iiif/ark:/12148/btv1b10510449j/f46/full/full/0/default.jpg
047.txt,default,https://gallica.bnf.fr/iiif/ark:/12148/btv1b10510449j/f47/full/full/0/default.jpg
048.txt,default,https://gallica.bnf.fr/iiif/ark:/12148/btv1b10510449j/f48/full/full/0/default.jpg
049.txt,default,https://gallica.bnf.fr/iiif/ark:/12148/btv1b10510449j/f49/full/full/0/default.jpg
050.txt,default,https://gallica.bnf.fr/iiif/ark:/12148/btv1b10510449j/f50/full/full/0/default.jpg
051.txt,default,https://gallica.bnf.fr/iiif/ark:/12148/btv1b10510449j/f51/full/full/0/default.jpg
052.txt,default,https://gallica.bnf.fr/iiif/ark:/12148/btv1b10510449j/f52/full/full/0/default.jpg
053.txt,default,https://gallica.bnf.fr/iiif/ark:/12148/btv1b10510449j/f53/full/full/0/default.jpg
054.txt,default,https://gallica.bnf.fr/iiif/ark:/12148/btv1b10510449j/f54/full/full/0/default.jpg
055.txt,default,https://gallica.bnf.fr/iiif/ark:/12148/btv1b10510449j/f55/full/full/0/default.jpg
056.txt,default,https://gallica.bnf.fr/iiif/ark:/12148/btv1b10510449j/f56/full/full/0/default.jpg
057.txt,default,https://gallica.bnf.fr/iiif/ark:/12148/btv1b10510449j/f57/full/full/0/default.jpg
058.txt,default,https://gallica.bnf.fr/iiif/ark:/12148/btv1b10510449j/f58/full/full/0/default.jpg
059.txt,default,https://gallica.bnf.fr/iiif/ark:/12148/btv1b10510449j/f59/full/full/0/default.jpg
060.txt,default,https://gallica.bnf.fr/iiif/ark:/12148/btv1b10510449j/f60/full/full/0/default.jpg
061.txt,default,https://gallica.bnf.fr/iiif/ark:/12148/btv1b10510449j/f61/full/full/0/default.jpg
062.txt,default,https://gallica.bnf.fr/iiif/ark:/12148/btv1b10510449j/f62/full/full/0/default.jpg
063.txt,default,https://gallica.bnf.fr/iiif/ark:/12148/btv1b10510449j/f63/full/full/0/default.jpg
064.txt,default,https://gallica.bnf.fr/iiif/ark:/12148/btv1b10510449j/f64/full/full/0/default.jpg
065.txt,default,https://gallica.bnf.fr/iiif/ark:/12148/btv1b10510449j/f65/full/full/0/default.jpg
066.txt,default,https://gallica.bnf.fr/iiif/ark:/12148/btv1b10510449j/f66/full/full/0/default.jpg
067.txt,default,https://gallica.bnf.fr/iiif/ark:/12148/btv1b10510449j/f67/full/full/0/default.jpg
068.txt,default,https://gallica.bnf.fr/iiif/ark:/12148/btv1b10510449j/f68/full/full/0/default.jpg
069.txt,default,https://gallica.bnf.fr/iiif/ark:/12148/btv1b10510449j/f69/full/full/0/default.jpg
070.txt,default,https://gallica.bnf.fr/iiif/ark:/12148/btv1b10510449j/f70/full/full/0/default.jpg
071.txt,default,https://gallica.bnf.fr/iiif/ark:/12148/btv1b10510449j/f71/full/full/0/default.jpg
072.txt,default,https://gallica.bnf.fr/iiif/ark:/12148/btv1b10510449j/f72/full/full/0/default.jpg
073.txt,default,https://gallica.bnf.fr/iiif/ark:/12148/btv1b10510449j/f73/full/full/0/default.jpg
074.txt,default,https://gallica.bnf.fr/iiif/ark:/12148/btv1b10510449j/f74/full/full/0/default.jpg
075.txt,default,https://gallica.bnf.fr/iiif/ark:/12148/btv1b10510449j/f75/full/full/0/default.jpg
076.txt,default,https://gallica.bnf.fr/iiif/ark:/12148/btv1b10510449j/f76/full/full/0/default.jpg
077.txt,default,https://gallica.bnf.fr/iiif/ark:/12148/btv1b10510449j/f77/full/full/0/default.jpg
078.txt,default,https://gallica.bnf.fr/iiif/ark:/12148/btv1b10510449j/f78/full/full/0/default.jpg
079.txt,default,https://gallica.bnf.fr/iiif/ark:/12148/btv1b10510449j/f79/full/full/0/default.jpg
080.txt,default,https://gallica.bnf.fr/iiif/ark:/12148/btv1b10510449j/f80/full/full/0/default.jpg
081.txt,default,https://gallica.bnf.fr/iiif/ark:/12148/btv1b10510449j/f81/full/full/0/default.jpg
082.txt,default,https://gallica.bnf.fr/iiif/ark:/12148/btv1b10510449j/f82/full/full/0/default.jpg
083.txt,default,https://gallica.bnf.fr/iiif/ark:/12148/btv1b10510449j/f83/full/full/0/default.jpg
084.txt,default,https://gallica.bnf.fr/iiif/ark:/12148/btv1b10510449j/f84/full/full/0/default.jpg
085.txt,default,https://gallica.bnf.fr/iiif/ark:/12148/btv1b10510449j/f85/full/full/0/default.jpg
086.txt,default,https://gallica.bnf.fr/iiif/ark:/12148/btv1b10510449j/f86/full/full/0/default.jpg
087.txt,default,https://gallica.bnf.fr/iiif/ark:/12148/btv1b10510449j/f87/full/full/0/default.jpg
088.txt,default,https://gallica.bnf.fr/iiif/ark:/12148/btv1b10510449j/f88/full/full/0/default.jpg
089.txt,default,https://gallica.bnf.fr/iiif/ark:/12148/btv1b10510449j/f89/full/full/0/default.jpg
090.txt,default,https://gallica.bnf.fr/iiif/ark:/12148/btv1b10510449j/f90/full/full/0/default.jpg
091.txt,default,https://gallica.bnf.fr/iiif/ark:/12148/btv1b10510449j/f91/full/full/0/default.jpg
092.txt,default,https://gallica.bnf.fr/iiif/ark:/12148/btv1b10510449j/f92/full/full/0/default.jpg
093.txt,default,https://gallica.bnf.fr/iiif/ark:/12148/btv1b10510449j/f93/full/full/0/default.jpg
094.txt,default,https://gallica.bnf.fr/iiif/ark:/12148/btv1b10510449j/f94/full/full/0/default.jpg
095.txt,default,https://gallica.bnf.fr/iiif/ark:/12148/btv1b10510449j/f95/full/full/0/default.jpg
096.txt,default,https://gallica.bnf.fr/iiif/ark:/12148/btv1b10510449j/f96/full/full/0/default.jpg
097.txt,default,https://gallica.bnf.fr/iiif/ark:/12148/btv1b10510449j/f97/full/full/0/default.jpg
098.txt,default,https://gallica.bnf.fr/iiif/ark:/12148/btv1b10510449j/f98/full/full/0/default.jpg
099.txt,default,https://gallica.bnf.fr/iiif/ark:/12148/btv1b10510449j/f99/full/full/0/default.jpg
100.txt,default,https://gallica.bnf.fr/iiif/ark:/12148/btv1b10510449j/f100/full/full/0/default.jpg
101.txt,default,https://gallica.bnf.fr/iiif/ark:/12148/btv1b10510449j/f101/full/full/0/default.jpg
102.txt,default,https://gallica.bnf.fr/iiif/ark:/12148/btv1b10510449j/f102/full/full/0/default.jpg
103.txt,default,https://gallica.bnf.fr/iiif/ark:/12148/btv1b10510449j/f103/full/full/0/default.jpg
104.txt,default,https://gallica.bnf.fr/iiif/ark:/12148/btv1b10510449j/f104/full/full/0/default.jpg
105.txt,default,https://gallica.bnf.fr/iiif/ark:/12148/btv1b10510449j/f105/full/full/0/default.jpg
106.txt,default,https://gallica.bnf.fr/iiif/ark:/12148/btv1b10510449j/f106/full/full/0/default.jpg
107.txt,default,https://gallica.bnf.fr/iiif/ark:/12148/btv1b10510449j/f107/full/full/0/default.jpg
108.txt,default,https://gallica.bnf.fr/iiif/ark:/12148/btv1b10510449j/f108/full/full/0/default.jpg
109.txt,default,https://gallica.bnf.fr/iiif/ark:/12148/btv1b10510449j/f109/full/full/0/default.jpg
110.txt,default,https://gallica.bnf.fr/iiif/ark:/12148/btv1b10510449j/f110/full/full/0/default.jpg
111.txt,default,https://gallica.bnf.fr/iiif/ark:/12148/btv1b10510449j/f111/full/full/0/default.jpg
112.txt,default,https://gallica.bnf.fr/iiif/ark:/12148/btv1b10510449j/f112/full/full/0/default.jpg
113.txt,default,https://gallica.bnf.fr/iiif/ark:/12148/btv1b10510449j/f113/full/full/0/default.jpg
114.txt,default,https://gallica.bnf.fr/iiif/ark:/12148/btv1b10510449j/f114/full/full/0/default.jpg
115.txt,default,https://gallica.bnf.fr/iiif/ark:/12148/btv1b10510449j/f115/full/full/0/default.jpg
116.txt,default,https://gallica.bnf.fr/iiif/ark:/12148/btv1b10510449j/f116/full/full/0/default.jpg
117.txt,default,https://gallica.bnf.fr/iiif/ark:/12148/btv1b10510449j/f117/full/full/0/default.jpg
118.txt,default,https://gallica.bnf.fr/iiif/ark:/12148/btv1b10510449j/f118/full/full/0/default.jpg
119.txt,default,https://gallica.bnf.fr/iiif/ark:/12148/btv1b10510449j/f119/full/full/0/default.jpg
120.txt,default,https://gallica.bnf.fr/iiif/ark:/12148/btv1b10510449j/f120/full/full/0/default.jpg
121.txt,default,https://gallica.bnf.fr/iiif/ark:/12148/btv1b10510449j/f121/full/full/0/default.jpg
122.txt,default,https://gallica.bnf.fr/iiif/ark:/12148/btv1b10510449j/f122/full/full/0/default.jpg
123.txt,default,https://gallica.bnf.fr/iiif/ark:/12148/btv1b10510449j/f123/full/full/0/default.jpg
124.txt,default,https://gallica.bnf.fr/iiif/ark:/12148/btv1b10510449j/f124/full/full/0/default.jpg
125.txt,default,https://gallica.bnf.fr/iiif/ark:/12148/btv1b10510449j/f125/full/full/0/default.jpg
126.txt,default,https://gallica.bnf.fr/iiif/ark:/12148/btv1b10510449j/f126/full/full/0/default.jpg
127.txt,default,https://gallica.bnf.fr/iiif/ark:/12148/btv1b10510449j/f127/full/full/0/default.jpg
128.txt,default,https://gallica.bnf.fr/iiif/ark:/12148/btv1b10510449j/f128/full/full/0/default.jpg
129.txt,default,https://gallica.bnf.fr/iiif/ark:/12148/btv1b10510449j/f129/full/full/0/default.jpg
130.txt,default,https://gallica.bnf.fr/iiif/ark:/12148/btv1b10510449j/f130/full/full/0/default.jpg
131.txt,default,https://gallica.bnf.fr/iiif/ark:/12148/btv1b10510449j/f131/full/full/0/default.jpg
132.txt,default,https://gallica.bnf.fr/iiif/ark:/12148/btv1b10510449j/f132/full/full/0/default.jpg
133.txt,default,https://gallica.bnf.fr/iiif/ark:/12148/btv1b10510449j/f133/full/full/0/default.jpg
134.txt,default,https://gallica.bnf.fr/iiif/ark:/12148/btv1b10510449j/f134/full/full/0/default.jpg
135.txt,default,https://gallica.bnf.fr/iiif/ark:/12148/btv1b10510449j/f135/full/full/0/default.jpg
136.txt,default,https://gallica.bnf.fr/iiif/ark:/12148/btv1b10510449j/f136/full/full/0/default.jpg
137.txt,default,https://gallica.bnf.fr/iiif/ark:/12148/btv1b10510449j/f137/full/full/0/default.jpg
138.txt,default,https://gallica.bnf.fr/iiif/ark:/12148/btv1b10510449j/f138/full/full/0/default.jpg
139.txt,default,https://gallica.bnf.fr/iiif/ark:/12148/btv1b10510449j/f139/full/full/0/default.jpg
140.txt,default,https://gallica.bnf.fr/iiif/ark:/12148/btv1b10510449j/f140/full/full/0/default.jpg
141.txt,default,https://gallica.bnf.fr/iiif/ark:/12148/btv1b10510449j/f141/full/full/0/default.jpg
142.txt,default,https://gallica.bnf.fr/iiif/ark:/12148/btv1b10510449j/f142/full/full/0/default.jpg
143.txt,default,https://gallica.bnf.fr/iiif/ark:/12148/btv1b10510449j/f143/full/full/0/default.jpg
144.txt,default,https://gallica.bnf.fr/iiif/ark:/12148/btv1b10510449j/f144/full/full/0/default.jpg
145.txt,default,https://gallica.bnf.fr/iiif/ark:/12148/btv1b10510449j/f145/full/full/0/default.jpg
146.txt,default,https://gallica.bnf.fr/iiif/ark:/12148/btv1b10510449j/f146/full/full/0/default.jpg
147.txt,default,https://gallica.bnf.fr/iiif/ark:/12148/btv1b10510449j/f147/full/full/0/default.jpg
148.txt,default,https://gallica.bnf.fr/iiif/ark:/12148/btv1b10510449j/f148/full/full/0/default.jpg
149.txt,default,https://gallica.bnf.fr/iiif/ark:/12148/btv1b10510449j/f149/full/full/0/default.jpg
150.txt,default,https://gallica.bnf.fr/iiif/ark:/12148/btv1b10510449j/f150/full/full/0/default.jpg
151.txt,default,https://gallica.bnf.fr/iiif/ark:/12148/btv1b10510449j/f151/full/full/0/default.jpg
152.txt,default,https://gallica.bnf.fr/iiif/ark:/12148/btv1b10510449j/f152/full/full/0/default.jpg
153.txt,default,https://gallica.bnf.fr/iiif/ark:/12148/btv1b10510449j/f153/full/full/0/default.jpg
154.txt,default,https://gallica.bnf.fr/iiif/ark:/12148/btv1b10510449j/f154/full/full/0/default.jpg
155.txt,default,https://gallica.bnf.fr/iiif/ark:/12148/btv1b10510449j/f155/full/full/0/default.jpg
156.txt,default,https://gallica.bnf.fr/iiif/ark:/12148/btv1b10510449j/f156/full/full/0/default.jpg
157.txt,default,https://gallica.bnf.fr/iiif/ark:/12148/btv1b10510449j/f157/full/full/0/default.jpg
158.txt,default,https://gallica.bnf.fr/iiif/ark:/12148/btv1b10510449j/f158/full/full/0/default.jpg
159.txt,default,https://gallica.bnf.fr/iiif/ark:/12148/btv1b10510449j/f159/full/full/0/default.jpg
160.txt,default,https://gallica.bnf.fr/iiif/ark:/12148/btv1b10510449j/f160/full/full/0/default.jpg
161.txt,default,https://gallica.bnf.fr/iiif/ark:/12148/btv1b10510449j/f161/full/full/0/default.jpg
162.txt,default,https://gallica.bnf.fr/iiif/ark:/12148/btv1b10510449j/f162/full/full/0/default.jpg
163.txt,default,https://gallica.bnf.fr/iiif/ark:/12148/btv1b10510449j/f163/full/full/0/default.jpg
164.txt,default,https://gallica.bnf.fr/iiif/ark:/12148/btv1b10510449j/f164/full/full/0/default.jpg
165.txt,default,https://gallica.bnf.fr/iiif/ark:/12148/btv1b10510449j/f165/full/full/0/default.jpg
166.txt,default,https://gallica.bnf.fr/iiif/ark:/12148/btv1b10510449j/f166/full/full/0/default.jpg
167.txt,default,https://gallica.bnf.fr/iiif/ark:/12148/btv1b10510449j/f167/full/full/0/default.jpg
168.txt,default,https://gallica.bnf.fr/iiif/ark:/12148/btv1b10510449j/f168/full/full/0/default.jpg
169.txt,default,https://gallica.bnf.fr/iiif/ark:/12148/btv1b10510449j/f169/full/full/0/default.jpg
170.txt,default,https://gallica.bnf.fr/iiif/ark:/12148/btv1b10510449j/f170/full/full/0/default.jpg
171.txt,default,https://gallica.bnf.fr/iiif/ark:/12148/btv1b10510449j/f171/full/full/0/default.jpg
172.txt,default,https://gallica.bnf.fr/iiif/ark:/12148/btv1b10510449j/f172/full/full/0/default.jpg
173.txt,default,https://gallica.bnf.fr/iiif/ark:/12148/btv1b10510449j/f173/full/full/0/default.jpg
174.txt,default,https://gallica.bnf.fr/iiif/ark:/12148/btv1b10510449j/f174/full/full/0/default.jpg
175.txt,default,https://gallica.bnf.fr/iiif/ark:/12148/btv1b10510449j/f175/full/full/0/default.jpg
176.txt,default,https://gallica.bnf.fr/iiif/ark:/12148/btv1b10510449j/f176/full/full/0/default.jpg
177.txt,default,https://gallica.bnf.fr/iiif/ark:/12148/btv1b10510449j/f177/full/full/0/default.jpg
178.txt,default,https://gallica.bnf.fr/iiif/ark:/12148/btv1b10510449j/f178/full/full/0/default.jpg
179.txt,default,https://gallica.bnf.fr/iiif/ark:/12148/btv1b10510449j/f179/full/full/0/default.jpg
180.txt,default,https://gallica.bnf.fr/iiif/ark:/12148/btv1b10510449j/f180/full/full/0/default.jpg
181.txt,default,https://gallica.bnf.fr/iiif/ark:/12148/btv1b10510449j/f181/full/full/0/default.jpg
182.txt,default,https://gallica.bnf.fr/iiif/ark:/12148/btv1b10510449j/f182/full/full/0/default.jpg
183.txt,default,https://gallica.bnf.fr/iiif/ark:/12148/btv1b10510449j/f183/full/full/0/default.jpg
184.txt,default,https://gallica.bnf.fr/iiif/ark:/12148/btv1b10510449j/f184/full/full/0/default.jpg
185.txt,default,https://gallica.bnf.fr/iiif/ark:/12148/btv1b10510449j/f185/full/full/0/default.jpg
186.txt,default,https://gallica.bnf.fr/iiif/ark:/12148/btv1b10510449j/f186/full/full/0/default.jpg
187.txt,default,https://gallica.bnf.fr/iiif/ark:/12148/btv1b10510449j/f187/full/full/0/default.jpg
188.txt,default,https://gallica.bnf.fr/iiif/ark:/12148/btv1b10510449j/f188/full/full/0/default.jpg
189.txt,default,https://gallica.bnf.fr/iiif/ark:/12148/btv1b10510449j/f189/full/full/0/default.jpg
190.txt,default,https://gallica.bnf.fr/iiif/ark:/12148/btv1b10510449j/f190/full/full/0/default.jpg
191.txt,default,https://gallica.bnf.fr/iiif/ark:/12148/btv1b10510449j/f191/full/full/0/default.jpg
192.txt,default,https://gallica.bnf.fr/iiif/ark:/12148/btv1b10510449j/f192/full/full/0/default.jpg
193.txt,default,https://gallica.bnf.fr/iiif/ark:/12148/btv1b10510449j/f193/full/full/0/default.jpg
194.txt,default,https://gallica.bnf.fr/iiif/ark:/12148/btv1b10510449j/f194/full/full/0/default.jpg
195.txt,default,https://gallica.bnf.fr/iiif/ark:/12148/btv1b10510449j/f195/full/full/0/default.jpg
196.txt,default,https://gallica.bnf.fr/iiif/ark:/12148/btv1b10510449j/f196/full/full/0/default.jpg
197.txt,default,https://gallica.bnf.fr/iiif/ark:/12148/btv1b10510449j/f197/full/full/0/default.jpg
198.txt,default,https://gallica.bnf.fr/iiif/ark:/12148/btv1b10510449j/f198/full/full/0/default.jpg
199.txt,default,https://gallica.bnf.fr/iiif/ark:/12148/btv1b10510449j/f199/full/full/0/default.jpg
200.txt,default,https://gallica.bnf.fr/iiif/ark:/12148/btv1b10510449j/f200/full/full/0/default.jpg
201.txt,default,https://gallica.bnf.fr/iiif/ark:/12148/btv1b10510449j/f201/full/full/0/default.jpg
202.txt,default,https://gallica.bnf.fr/iiif/ark:/12148/btv1b10510449j/f202/full/full/0/default.jpg
203.txt,default,https://gallica.bnf.fr/iiif/ark:/12148/btv1b10510449j/f203/full/full/0/default.jpg
204.txt,default,https://gallica.bnf.fr/iiif/ark:/12148/btv1b10510449j/f204/full/full/0/default.jpg
205.txt,default,https://gallica.bnf.fr/iiif/ark:/12148/btv1b10510449j/f205/full/full/0/default.jpg
206.txt,default,https://gallica.bnf.fr/iiif/ark:/12148/btv1b10510449j/f206/full/full/0/default.jpg
207.txt,default,https://gallica.bnf.fr/iiif/ark:/12148/btv1b10510449j/f207/full/full/0/default.jpg
208.txt,default,https://gallica.bnf.fr/iiif/ark:/12148/btv1b10510449j/f208/full/full/0/default.jpg
209.txt,default,https://gallica.bnf.fr/iiif/ark:/12148/btv1b10510449j/f209/full/full/0/default.jpg
210.txt,default,https://gallica.bnf.fr/iiif/ark:/12148/btv1b10510449j/f210/full/full/0/default.jpg
211.txt,default,https://gallica.bnf.fr/iiif/ark:/12148/btv1b10510449j/f211/full/full/0/default.jpg
212.txt,default,https://gallica.bnf.fr/iiif/ark:/12148/btv1b10510449j/f212/full/full/0/default.jpg
213.txt,default,https://gallica.bnf.fr/iiif/ark:/12148/btv1b10510449j/f213/full/full/0/default.jpg
214.txt,default,https://gallica.bnf.fr/iiif/ark:/12148/btv1b10510449j/f214/full/full/0/default.jpg
215.txt,default,https://gallica.bnf.fr/iiif/ark:/12148/btv1b10510449j/f215/full/full/0/default.jpg
216.txt,default,https://gallica.bnf.fr/iiif/ark:/12148/btv1b10510449j/f216/full/full/0/default.jpg
217.txt,default,https://gallica.bnf.fr/iiif/ark:/12148/btv1b10510449j/f217/full/full/0/default.jpg
218.txt,default,https://gallica.bnf.fr/iiif/ark:/12148/btv1b10510449j/f218/full/full/0/default.jpg
219.txt,default,https://gallica.bnf.fr/iiif/ark:/12148/btv1b10510449j/f219/full/full/0/default.jpg
220.txt,default,https://gallica.bnf.fr/iiif/ark:/12148/btv1b10510449j/f220/full/full/0/default.jpg
221.txt,default,https://gallica.bnf.fr/iiif/ark:/12148/btv1b10510449j/f221/full/full/0/default.jpg
222.txt,default,https://gallica.bnf.fr/iiif/ark:/12148/btv1b10510449j/f222/full/full/0/default.jpg
223.txt,default,https://gallica.bnf.fr/iiif/ark:/12148/btv1b10510449j/f223/full/full/0/default.jpg
224.txt,default,https://gallica.bnf.fr/iiif/ark:/12148/btv1b10510449j/f224/full/full/0/default.jpg
225.txt,default,https://gallica.bnf.fr/iiif/ark:/12148/btv1b10510449j/f225/full/full/0/default.jpg
226.txt,default,https://gallica.bnf.fr/iiif/ark:/12148/btv1b10510449j/f226/full/full/0/default.jpg
227.txt,default,https://gallica.bnf.fr/iiif/ark:/12148/btv1b10510449j/f227/full/full/0/default.jpg
228.txt,default,https://gallica.bnf.fr/iiif/ark:/12148/btv1b10510449j/f228/full/full/0/default.jpg
229.txt,default,https://gallica.bnf.fr/iiif/ark:/12148/btv1b10510449j/f229/full/full/0/default.jpg
230.txt,default,https://gallica.bnf.fr/iiif/ark:/12148/btv1b10510449j/f230/full/full/0/default.jpg
231.txt,default,https://gallica.bnf.fr/iiif/ark:/12148/btv1b10510449j/f231/full/full/0/default.jpg
232.txt,default,https://gallica.bnf.fr/iiif/ark:/12148/btv1b10510449j/f232/full/full/0/default.jpg
233.txt,default,https://gallica.bnf.fr/iiif/ark:/12148/btv1b10510449j/f233/full/full/0/default.jpg
234.txt,default,https://gallica.bnf.fr/iiif/ark:/12148/btv1b10510449j/f234/full/full/0/default.jpg
235.txt,default,https://gallica.bnf.fr/iiif/ark:/12148/btv1b10510449j/f235/full/full/0/default.jpg
236.txt,default,https://gallica.bnf.fr/iiif/ark:/12148/btv1b10510449j/f236/full/full/0/default.jpg
237.txt,default,https://gallica.bnf.fr/iiif/ark:/12148/btv1b10510449j/f237/full/full/0/default.jpg
238.txt,default,https://gallica.bnf.fr/iiif/ark:/12148/btv1b10510449j/f238/full/full/0/default.jpg
239.txt,default,https://gallica.bnf.fr/iiif/ark:/12148/btv1b10510449j/f239/full/full/0/default.jpg
240.txt,default,https://gallica.bnf.fr/iiif/ark:/12148/btv1b10510449j/f240/full/full/0/default.jpg
241.txt,default,https://gallica.bnf.fr/iiif/ark:/12148/btv1b10510449j/f241/full/full/0/default.jpg
242.txt,default,https://gallica.bnf.fr/iiif/ark:/12148/btv1b10510449j/f242/full/full/0/default.jpg
243.txt,default,https://gallica.bnf.fr/iiif/ark:/12148/btv1b10510449j/f243/full/full/0/default.jpg
244.txt,default,https://gallica.bnf.fr/iiif/ark:/12148/btv1b10510449j/f244/full/full/0/default.jpg
245.txt,default,https://gallica.bnf.fr/iiif/ark:/12148/btv1b10510449j/f245/full/full/0/default.jpg
246.txt,default,https://gallica.bnf.fr/iiif/ark:/12148/btv1b10510449j/f246/full/full/0/default.jpg
247.txt,default,https://gallica.bnf.fr/iiif/ark:/12148/btv1b10510449j/f247/full/full/0/default.jpg
248.txt,default,https://gallica.bnf.fr/iiif/ark:/12148/btv1b10510449j/f248/full/full/0/default.jpg
249.txt,default,https://gallica.bnf.fr/iiif/ark:/12148/btv1b10510449j/f249/full/full/0/default.jpg
250.txt,default,https://gallica.bnf.fr/iiif/ark:/12148/btv1b10510449j/f250/full/full/0/default.jpg
251.txt,default,https://gallica.bnf.fr/iiif/ark:/12148/btv1b10510449j/f251/full/full/0/default.jpg
252.txt,default,https://gallica.bnf.fr/iiif/ark:/12148/btv1b10510449j/f252/full/full/0/default.jpg
253.txt,default,https://gallica.bnf.fr/iiif/ark:/12148/btv1b10510449j/f253/full/full/0/default.jpg
254.txt,default,https://gallica.bnf.fr/iiif/ark:/12148/btv1b10510449j/f254/full/full/0/default.jpg
255.txt,default,https://gallica.bnf.fr/iiif/ark:/12148/btv1b10510449j/f255/full/full/0/default.jpg
256.txt,default,https://gallica.bnf.fr/iiif/ark:/12148/btv1b10510449j/f256/full/full/0/default.jpg
257.txt,default,https://gallica.bnf.fr/iiif/ark:/12148/btv1b10510449j/f257/full/full/0/default.jpg
258.txt,default,https://gallica.bnf.fr/iiif/ark:/12148/btv1b10510449j/f258/full/full/0/default.jpg
259.txt,default,https://gallica.bnf.fr/iiif/ark:/12148/btv1b10510449j/f259/full/full/0/default.jpg
260.txt,default,https://gallica.bnf.fr/iiif/ark:/12148/btv1b10510449j/f260/full/full/0/default.jpg
261.txt,default,https://gallica.bnf.fr/iiif/ark:/12148/btv1b10510449j/f261/full/full/0/default.jpg
